{"meta":{"version":1,"warehouse":"2.2.0"},"models":{"Asset":[{"_id":"themes/sustainabilitytech/source/manifest.json","path":"manifest.json","modified":1,"renderable":1},{"_id":"themes/sustainabilitytech/source/css/fonts.css","path":"css/fonts.css","modified":1,"renderable":1},{"_id":"themes/sustainabilitytech/source/css/base.css","path":"css/base.css","modified":1,"renderable":1},{"_id":"themes/sustainabilitytech/source/js/main.js","path":"js/main.js","modified":1,"renderable":1},{"_id":"themes/sustainabilitytech/source/js/pace.min.js","path":"js/pace.min.js","modified":1,"renderable":1},{"_id":"themes/sustainabilitytech/source/js/modernizr.js","path":"js/modernizr.js","modified":1,"renderable":1},{"_id":"themes/sustainabilitytech/source/images/android-icon-144x144.png","path":"images/android-icon-144x144.png","modified":1,"renderable":1},{"_id":"themes/sustainabilitytech/source/images/android-icon-48x48.png","path":"images/android-icon-48x48.png","modified":1,"renderable":1},{"_id":"themes/sustainabilitytech/source/images/android-icon-36x36.png","path":"images/android-icon-36x36.png","modified":1,"renderable":1},{"_id":"themes/sustainabilitytech/source/images/android-icon-72x72.png","path":"images/android-icon-72x72.png","modified":1,"renderable":1},{"_id":"themes/sustainabilitytech/source/images/android-icon-192x192.png","path":"images/android-icon-192x192.png","modified":1,"renderable":1},{"_id":"themes/sustainabilitytech/source/images/android-icon-96x96.png","path":"images/android-icon-96x96.png","modified":1,"renderable":1},{"_id":"themes/sustainabilitytech/source/images/apple-icon-120x120.png","path":"images/apple-icon-120x120.png","modified":1,"renderable":1},{"_id":"themes/sustainabilitytech/source/images/apple-icon-144x144.png","path":"images/apple-icon-144x144.png","modified":1,"renderable":1},{"_id":"themes/sustainabilitytech/source/images/apple-icon-114x114.png","path":"images/apple-icon-114x114.png","modified":1,"renderable":1},{"_id":"themes/sustainabilitytech/source/images/apple-icon-180x180.png","path":"images/apple-icon-180x180.png","modified":1,"renderable":1},{"_id":"themes/sustainabilitytech/source/images/apple-icon-57x57.png","path":"images/apple-icon-57x57.png","modified":1,"renderable":1},{"_id":"themes/sustainabilitytech/source/images/apple-icon-152x152.png","path":"images/apple-icon-152x152.png","modified":1,"renderable":1},{"_id":"themes/sustainabilitytech/source/images/apple-icon-60x60.png","path":"images/apple-icon-60x60.png","modified":1,"renderable":1},{"_id":"themes/sustainabilitytech/source/images/apple-icon-72x72.png","path":"images/apple-icon-72x72.png","modified":1,"renderable":1},{"_id":"themes/sustainabilitytech/source/images/apple-icon-76x76.png","path":"images/apple-icon-76x76.png","modified":1,"renderable":1},{"_id":"themes/sustainabilitytech/source/images/apple-icon.png","path":"images/apple-icon.png","modified":1,"renderable":1},{"_id":"themes/sustainabilitytech/source/images/apple-icon-precomposed.png","path":"images/apple-icon-precomposed.png","modified":1,"renderable":1},{"_id":"themes/sustainabilitytech/source/images/favicon-16x16.png","path":"images/favicon-16x16.png","modified":1,"renderable":1},{"_id":"themes/sustainabilitytech/source/images/default_author_avatar.gif","path":"images/default_author_avatar.gif","modified":1,"renderable":1},{"_id":"themes/sustainabilitytech/source/images/favicon-96x96.png","path":"images/favicon-96x96.png","modified":1,"renderable":1},{"_id":"themes/sustainabilitytech/source/images/favicon-32x32.png","path":"images/favicon-32x32.png","modified":1,"renderable":1},{"_id":"themes/sustainabilitytech/source/images/ms-icon-70x70.png","path":"images/ms-icon-70x70.png","modified":1,"renderable":1},{"_id":"themes/sustainabilitytech/source/images/logo.png","path":"images/logo.png","modified":1,"renderable":1},{"_id":"themes/sustainabilitytech/source/images/ms-icon-150x150.png","path":"images/ms-icon-150x150.png","modified":1,"renderable":1},{"_id":"themes/sustainabilitytech/source/images/rspo-0.png","path":"images/rspo-0.png","modified":1,"renderable":1},{"_id":"themes/sustainabilitytech/source/images/ms-icon-144x144.png","path":"images/ms-icon-144x144.png","modified":1,"renderable":1},{"_id":"themes/sustainabilitytech/source/images/ms-icon-310x310.png","path":"images/ms-icon-310x310.png","modified":1,"renderable":1},{"_id":"themes/sustainabilitytech/source/css/vendor.css","path":"css/vendor.css","modified":1,"renderable":1},{"_id":"themes/sustainabilitytech/source/css/main.css","path":"css/main.css","modified":1,"renderable":1},{"_id":"themes/sustainabilitytech/source/js/jquery-2.1.3.min.js","path":"js/jquery-2.1.3.min.js","modified":1,"renderable":1},{"_id":"themes/sustainabilitytech/source/images/rspo-1.png","path":"images/rspo-1.png","modified":1,"renderable":1},{"_id":"themes/sustainabilitytech/source/css/micons/micons.css","path":"css/micons/micons.css","modified":1,"renderable":1},{"_id":"themes/sustainabilitytech/source/fonts/librebaskerville/librebaskerville-bold-webfont.woff","path":"fonts/librebaskerville/librebaskerville-bold-webfont.woff","modified":1,"renderable":1},{"_id":"themes/sustainabilitytech/source/fonts/librebaskerville/librebaskerville-bold-webfont.woff2","path":"fonts/librebaskerville/librebaskerville-bold-webfont.woff2","modified":1,"renderable":1},{"_id":"themes/sustainabilitytech/source/fonts/librebaskerville/librebaskerville-italic-webfont.woff2","path":"fonts/librebaskerville/librebaskerville-italic-webfont.woff2","modified":1,"renderable":1},{"_id":"themes/sustainabilitytech/source/fonts/librebaskerville/librebaskerville-italic-webfont.woff","path":"fonts/librebaskerville/librebaskerville-italic-webfont.woff","modified":1,"renderable":1},{"_id":"themes/sustainabilitytech/source/fonts/librebaskerville/librebaskerville-regular-webfont.woff2","path":"fonts/librebaskerville/librebaskerville-regular-webfont.woff2","modified":1,"renderable":1},{"_id":"themes/sustainabilitytech/source/fonts/librebaskerville/librebaskerville-regular-webfont.woff","path":"fonts/librebaskerville/librebaskerville-regular-webfont.woff","modified":1,"renderable":1},{"_id":"themes/sustainabilitytech/source/fonts/lightgallery/lg.eot","path":"fonts/lightgallery/lg.eot","modified":1,"renderable":1},{"_id":"themes/sustainabilitytech/source/fonts/lightgallery/lg.svg","path":"fonts/lightgallery/lg.svg","modified":1,"renderable":1},{"_id":"themes/sustainabilitytech/source/fonts/lightgallery/lg.ttf","path":"fonts/lightgallery/lg.ttf","modified":1,"renderable":1},{"_id":"themes/sustainabilitytech/source/fonts/lightgallery/lg.woff","path":"fonts/lightgallery/lg.woff","modified":1,"renderable":1},{"_id":"themes/sustainabilitytech/source/fonts/montserrat/montserrat-bold-webfont.woff","path":"fonts/montserrat/montserrat-bold-webfont.woff","modified":1,"renderable":1},{"_id":"themes/sustainabilitytech/source/fonts/montserrat/montserrat-bold-webfont.woff2","path":"fonts/montserrat/montserrat-bold-webfont.woff2","modified":1,"renderable":1},{"_id":"themes/sustainabilitytech/source/fonts/montserrat/montserrat-regular-webfont.woff","path":"fonts/montserrat/montserrat-regular-webfont.woff","modified":1,"renderable":1},{"_id":"themes/sustainabilitytech/source/fonts/montserrat/montserrat-regular-webfont.woff2","path":"fonts/montserrat/montserrat-regular-webfont.woff2","modified":1,"renderable":1},{"_id":"themes/sustainabilitytech/source/js/plugins.js","path":"js/plugins.js","modified":1,"renderable":1},{"_id":"themes/sustainabilitytech/source/images/download.jpg","path":"images/download.jpg","modified":1,"renderable":1},{"_id":"themes/sustainabilitytech/source/images/joshvanvianen.jpg","path":"images/joshvanvianen.jpg","modified":1,"renderable":1},{"_id":"themes/sustainabilitytech/source/images/sebastianpersch.jpg","path":"images/sebastianpersch.jpg","modified":1,"renderable":1},{"_id":"themes/sustainabilitytech/source/images/palm-1464662_1920.jpg","path":"images/palm-1464662_1920.jpg","modified":1,"renderable":1},{"_id":"themes/sustainabilitytech/source/css/font-awesome/css/font-awesome.css","path":"css/font-awesome/css/font-awesome.css","modified":1,"renderable":1},{"_id":"themes/sustainabilitytech/source/css/font-awesome/css/font-awesome.min.css","path":"css/font-awesome/css/font-awesome.min.css","modified":1,"renderable":1},{"_id":"themes/sustainabilitytech/source/images/oilpalm.jpg","path":"images/oilpalm.jpg","modified":1,"renderable":1},{"_id":"themes/sustainabilitytech/source/css/font-awesome/fonts/fontawesome-webfont.woff","path":"css/font-awesome/fonts/fontawesome-webfont.woff","modified":1,"renderable":1},{"_id":"themes/sustainabilitytech/source/css/font-awesome/fonts/fontawesome-webfont.woff2","path":"css/font-awesome/fonts/fontawesome-webfont.woff2","modified":1,"renderable":1},{"_id":"themes/sustainabilitytech/source/css/micons/fonts/icomoon.eot","path":"css/micons/fonts/icomoon.eot","modified":1,"renderable":1},{"_id":"themes/sustainabilitytech/source/css/micons/fonts/icomoon.ttf","path":"css/micons/fonts/icomoon.ttf","modified":1,"renderable":1},{"_id":"themes/sustainabilitytech/source/css/micons/fonts/icomoon.woff","path":"css/micons/fonts/icomoon.woff","modified":1,"renderable":1},{"_id":"themes/sustainabilitytech/source/css/font-awesome/fonts/FontAwesome.otf","path":"css/font-awesome/fonts/FontAwesome.otf","modified":1,"renderable":1},{"_id":"themes/sustainabilitytech/source/css/font-awesome/fonts/fontawesome-webfont.eot","path":"css/font-awesome/fonts/fontawesome-webfont.eot","modified":1,"renderable":1},{"_id":"themes/sustainabilitytech/source/css/font-awesome/fonts/fontawesome-webfont.ttf","path":"css/font-awesome/fonts/fontawesome-webfont.ttf","modified":1,"renderable":1},{"_id":"themes/sustainabilitytech/source/images/bali.jpg","path":"images/bali.jpg","modified":1,"renderable":1},{"_id":"themes/sustainabilitytech/source/images/forest.jpg","path":"images/forest.jpg","modified":1,"renderable":1},{"_id":"themes/sustainabilitytech/source/images/tropical-rainforest-jungle.jpg","path":"images/tropical-rainforest-jungle.jpg","modified":1,"renderable":1},{"_id":"themes/sustainabilitytech/source/css/micons/fonts/icomoon.svg","path":"css/micons/fonts/icomoon.svg","modified":1,"renderable":1},{"_id":"themes/sustainabilitytech/source/images/tropical-rainforest-jungle-1.jpg","path":"images/tropical-rainforest-jungle-1.jpg","modified":1,"renderable":1},{"_id":"themes/sustainabilitytech/source/css/font-awesome/fonts/fontawesome-webfont.svg","path":"css/font-awesome/fonts/fontawesome-webfont.svg","modified":1,"renderable":1},{"_id":"themes/sustainabilitytech/source/images/royniels.jpg","path":"images/royniels.jpg","modified":1,"renderable":1},{"_id":"themes/sustainabilitytech/source/images/contact-bg.jpg","path":"images/contact-bg.jpg","modified":1,"renderable":1},{"_id":"themes/sustainabilitytech/source/images/home-bg.jpg","path":"images/home-bg.jpg","modified":1,"renderable":1}],"Cache":[{"_id":"source/index.md","hash":"a2a065136c1d00e2204439a0712db91011dd2f7a","modified":1500786928200},{"_id":"themes/sustainabilitytech/favicon.ico","hash":"d267c599f560fb56fd5ee04f2d699a66da006297","modified":1500788850000},{"_id":"themes/sustainabilitytech/browserconfig.xml","hash":"853389b6c4273965899eb1302d665eb91395fd0c","modified":1500788882000},{"_id":"themes/sustainabilitytech/_config.yml","hash":"8f4dfad066d15f2c82b5e9ae0e4fc1c48c721753","modified":1498722874487},{"_id":"source/about/index.md","hash":"bc19ed158f2a101593a3811a7ea772639c7fd4eb","modified":1500786508537},{"_id":"source/contact/index.md","hash":"f7777f793dffea21d9ea19d6fc7cd6d5ef235db8","modified":1500786453365},{"_id":"source/solutions/index.md","hash":"ee7e07fcd4e455b4f256edfdd1419fe224d69714","modified":1500786135943},{"_id":"source/team/index.md","hash":"c18a01c2efc2b6326cbaabb4b0fddecd1b7db019","modified":1500786955328},{"_id":"source/work/index.md","hash":"c5166ab38f617c06625b9a4b2727beb750335a22","modified":1500786628366},{"_id":"themes/sustainabilitytech/layout/index.ejs","hash":"1953ca3895d329badc25c8b1f31735503703859e","modified":1498804664739},{"_id":"themes/sustainabilitytech/layout/contact.ejs","hash":"3fe760578d4b87b494a82a5230009f5d5ffe6d1d","modified":1500791728726},{"_id":"themes/sustainabilitytech/layout/about.ejs","hash":"8a752589011ed19598e5de99448a2259212786ad","modified":1498794450209},{"_id":"themes/sustainabilitytech/layout/layout.ejs","hash":"0b8b6c0f7059b84858fe8b5a9816ec571bbc6797","modified":1500818142935},{"_id":"themes/sustainabilitytech/layout/page.ejs","hash":"3cc40f8ef99e08b8dba7dcedc17e3c9a5fa0c869","modified":1498739111624},{"_id":"themes/sustainabilitytech/layout/solutions.ejs","hash":"3fe86b5f82a5e3d1fc922799d662ad5933941de0","modified":1498779413847},{"_id":"themes/sustainabilitytech/layout/work.ejs","hash":"1d1fcc2226acd81b569255560e91cbd9d88e7dae","modified":1498784869046},{"_id":"themes/sustainabilitytech/layout/team.ejs","hash":"524dbd5c8e5dab90a73292791469f7e34c9d910b","modified":1500791963794},{"_id":"themes/sustainabilitytech/source/manifest.json","hash":"d11febf9e708a9e11baee37ed7dc5e99902580be","modified":1500788882000},{"_id":"themes/sustainabilitytech/source/css/fonts.css","hash":"5324af461f12d5a517cd241712f6ea87fdf0922c","modified":1483347920000},{"_id":"themes/sustainabilitytech/source/css/base.css","hash":"f732f81640089be9554891735a10cb0cfd247f79","modified":1498805440506},{"_id":"themes/sustainabilitytech/source/js/main.js","hash":"0f72b2ee12b75db9186579f7b366260870f3ad4c","modified":1498793799279},{"_id":"themes/sustainabilitytech/source/js/pace.min.js","hash":"1d6f79b5757de7cc40dcfded7cfdb067a90810d3","modified":1456736164000},{"_id":"themes/sustainabilitytech/source/js/modernizr.js","hash":"a3d81ff7a2a28acef6b7e78ed62a809e5f586371","modified":1467275338000},{"_id":"themes/sustainabilitytech/source/images/android-icon-144x144.png","hash":"10a55c7dba6d797a675e362efc0c6b670e611114","modified":1500788882000},{"_id":"themes/sustainabilitytech/source/images/android-icon-48x48.png","hash":"bd6b95309a2167557530be8e7b5bf17cc1c44cd9","modified":1500788882000},{"_id":"themes/sustainabilitytech/source/images/android-icon-36x36.png","hash":"725230edc5412dfe22c378e1bcd7e17ef149aede","modified":1500788882000},{"_id":"themes/sustainabilitytech/source/images/android-icon-72x72.png","hash":"b95436e58ba561a7e2eac6831e47c92d46d36918","modified":1500788882000},{"_id":"themes/sustainabilitytech/source/images/android-icon-192x192.png","hash":"dd18c4a373ed87dfbb9c9aec43718aeab2fb3a41","modified":1500788882000},{"_id":"themes/sustainabilitytech/source/images/android-icon-96x96.png","hash":"3d281e60361548d11eb244fe41102843c0621b46","modified":1500788882000},{"_id":"themes/sustainabilitytech/source/images/apple-icon-120x120.png","hash":"851138221b76facc9b3318b13996e2a229ecf8e0","modified":1500788882000},{"_id":"themes/sustainabilitytech/source/images/apple-icon-144x144.png","hash":"10a55c7dba6d797a675e362efc0c6b670e611114","modified":1500788882000},{"_id":"themes/sustainabilitytech/source/images/apple-icon-114x114.png","hash":"575f311d4506798111aa35433392f39d3335b20e","modified":1500788882000},{"_id":"themes/sustainabilitytech/source/images/apple-icon-180x180.png","hash":"3397ad18cc67b20582892e3ef2145e6dfd55e7fb","modified":1500788882000},{"_id":"themes/sustainabilitytech/source/images/apple-icon-57x57.png","hash":"138d262b6903e02e5f5daa25a6c5953cc73977b9","modified":1500788882000},{"_id":"themes/sustainabilitytech/source/images/apple-icon-152x152.png","hash":"843fba7b9fdd5daf6395efefc274a1dd00d8bf5a","modified":1500788882000},{"_id":"themes/sustainabilitytech/source/images/apple-icon-60x60.png","hash":"b2dcdffb03040f25acc1fd504ac9994a5252de0a","modified":1500788882000},{"_id":"themes/sustainabilitytech/source/images/apple-icon-72x72.png","hash":"b95436e58ba561a7e2eac6831e47c92d46d36918","modified":1500788882000},{"_id":"themes/sustainabilitytech/source/images/apple-icon-76x76.png","hash":"e6d813a2ce32eb527e0d7d5a94cd9139c030a0de","modified":1500788882000},{"_id":"themes/sustainabilitytech/source/images/apple-icon.png","hash":"6e7b16e93107ca89bfba618b3d4544c73b78c7b7","modified":1500788882000},{"_id":"themes/sustainabilitytech/source/images/apple-icon-precomposed.png","hash":"6e7b16e93107ca89bfba618b3d4544c73b78c7b7","modified":1500788882000},{"_id":"themes/sustainabilitytech/source/images/favicon-16x16.png","hash":"457a872644e76c0cc4f5c53f3255a7fbc80e5e18","modified":1500788884000},{"_id":"themes/sustainabilitytech/source/images/default_author_avatar.gif","hash":"db40f9ee402061ae367f2f1c8d13239a46308f24","modified":1498780949618},{"_id":"themes/sustainabilitytech/source/images/favicon-96x96.png","hash":"3d281e60361548d11eb244fe41102843c0621b46","modified":1500788884000},{"_id":"themes/sustainabilitytech/source/images/favicon-32x32.png","hash":"edc15fd38e68972b0d9f87a8b85734417de0e4f3","modified":1500788884000},{"_id":"themes/sustainabilitytech/source/images/ms-icon-70x70.png","hash":"52461bbd0c9a55809987b63dbf57a5c83724a60e","modified":1500788882000},{"_id":"themes/sustainabilitytech/source/images/logo.png","hash":"966d173cc3f20a545705de213d07720efeef74ed","modified":1498788894273},{"_id":"themes/sustainabilitytech/source/images/ms-icon-150x150.png","hash":"7cfeec9b2cb3955e55128b74df8b659b11b5c292","modified":1500788882000},{"_id":"themes/sustainabilitytech/source/images/rspo-0.png","hash":"e6b4d07ca5f432ffffce0ee7b9c254de381a689a","modified":1498782649302},{"_id":"themes/sustainabilitytech/source/images/ms-icon-144x144.png","hash":"10a55c7dba6d797a675e362efc0c6b670e611114","modified":1500788882000},{"_id":"themes/sustainabilitytech/source/images/ms-icon-310x310.png","hash":"0e6069b0c2e85d62818fe37c4d8f3fc1d1e1926e","modified":1500788884000},{"_id":"themes/sustainabilitytech/source/css/vendor.css","hash":"acf85d1587f87237025fd8e2107e5dfb4ac33945","modified":1483346284000},{"_id":"themes/sustainabilitytech/source/css/main.css","hash":"838a6f81647a76b8517cf37a0a1864ccee92ba5b","modified":1500817530548},{"_id":"themes/sustainabilitytech/source/js/jquery-2.1.3.min.js","hash":"41b4bfbaa96be6d1440db6e78004ade1c134e276","modified":1431413548000},{"_id":"themes/sustainabilitytech/source/images/rspo-1.png","hash":"8f97a06a84f06fbea61763dc7fa5e3c11fcb6000","modified":1498782657953},{"_id":"themes/sustainabilitytech/source/css/micons/micons.css","hash":"52ab086c23ec5c13e80991af543c4cc3f61ce4b6","modified":1450955392000},{"_id":"themes/sustainabilitytech/source/fonts/librebaskerville/librebaskerville-bold-webfont.woff","hash":"a2181c131ada1e2f0cfa1ab130baacbb2ed4474f","modified":1470248644000},{"_id":"themes/sustainabilitytech/source/fonts/librebaskerville/librebaskerville-bold-webfont.woff2","hash":"f8c84a0d409fd92882a0742fd9dedd7812803185","modified":1470248644000},{"_id":"themes/sustainabilitytech/source/fonts/librebaskerville/librebaskerville-italic-webfont.woff2","hash":"08f4939889973fab7f862d25280e33760ad309ab","modified":1470248644000},{"_id":"themes/sustainabilitytech/source/fonts/librebaskerville/librebaskerville-italic-webfont.woff","hash":"8f50121d0f9ff82597f69d4f1fc183d59aed9496","modified":1470248644000},{"_id":"themes/sustainabilitytech/source/fonts/librebaskerville/librebaskerville-regular-webfont.woff2","hash":"48831d1524a7928f795ea634b7bc645d6be2c177","modified":1470248644000},{"_id":"themes/sustainabilitytech/source/fonts/librebaskerville/librebaskerville-regular-webfont.woff","hash":"02d0af7cf82da0ae5aaf6ddfdd046b9a7189aa6c","modified":1470248644000},{"_id":"themes/sustainabilitytech/source/fonts/lightgallery/lg.eot","hash":"1de7915c756c9fd81855126418e1fb9b1e33570a","modified":1469478788000},{"_id":"themes/sustainabilitytech/source/fonts/lightgallery/lg.svg","hash":"e0d68f9425bcadef36af72c18e2cba85ba70239a","modified":1469478788000},{"_id":"themes/sustainabilitytech/source/fonts/lightgallery/lg.ttf","hash":"86f8c7232ace89e42e887e707310b733cdf99dc0","modified":1469478788000},{"_id":"themes/sustainabilitytech/source/fonts/lightgallery/lg.woff","hash":"a32cc4557cedb381169215d3588fc40a5923d61b","modified":1469478788000},{"_id":"themes/sustainabilitytech/source/fonts/montserrat/montserrat-bold-webfont.woff","hash":"aab3f0e194bf66c8c158ad1208f35a690c786c1e","modified":1470248736000},{"_id":"themes/sustainabilitytech/source/fonts/montserrat/montserrat-bold-webfont.woff2","hash":"7db2ce4b8343ea876ef64aae3ce836f6f9b6674b","modified":1470248736000},{"_id":"themes/sustainabilitytech/source/fonts/montserrat/montserrat-regular-webfont.woff","hash":"70804f9b0a24bc6fb8e18f010054dbec7baba9f3","modified":1470248736000},{"_id":"themes/sustainabilitytech/source/fonts/montserrat/montserrat-regular-webfont.woff2","hash":"7a274382d43335d50f637f7e5e13a94d1536611e","modified":1470248736000},{"_id":"themes/sustainabilitytech/source/js/plugins.js","hash":"d36e6340532e868a4c299162eb935718fe8369bc","modified":1481726408000},{"_id":"themes/sustainabilitytech/source/images/download.jpg","hash":"82e8b75be972b6b1c19e9bac2460517ac54e9957","modified":1498779095929},{"_id":"themes/sustainabilitytech/source/images/joshvanvianen.jpg","hash":"1ea31cd7e4090bf8ac337d986f25959956f74120","modified":1498779774589},{"_id":"themes/sustainabilitytech/source/images/sebastianpersch.jpg","hash":"156a4e9c93c1e65697139c22b8c270229e76fb2b","modified":1498780722371},{"_id":"themes/sustainabilitytech/source/images/palm-1464662_1920.jpg","hash":"e33331c2a73cb0d4517cbc65aabbb1181fcb0b0c","modified":1498779080101},{"_id":"themes/sustainabilitytech/source/css/font-awesome/css/font-awesome.css","hash":"0140952c64e3f2b74ef64e050f2fe86eab6624c8","modified":1478142484000},{"_id":"themes/sustainabilitytech/source/css/font-awesome/css/font-awesome.min.css","hash":"512c7d79033e3028a9be61b540cf1a6870c896f8","modified":1478142486000},{"_id":"themes/sustainabilitytech/source/images/oilpalm.jpg","hash":"a256fa802bbef491d0a6ad509c61d3a6a3728344","modified":1498719865480},{"_id":"themes/sustainabilitytech/source/css/font-awesome/fonts/fontawesome-webfont.woff","hash":"28b782240b3e76db824e12c02754a9731a167527","modified":1478142484000},{"_id":"themes/sustainabilitytech/source/css/font-awesome/fonts/fontawesome-webfont.woff2","hash":"d6f48cba7d076fb6f2fd6ba993a75b9dc1ecbf0c","modified":1478142484000},{"_id":"themes/sustainabilitytech/source/css/micons/fonts/icomoon.eot","hash":"aabaa3b903d211582962bd635602656bb1b31691","modified":1450955392000},{"_id":"themes/sustainabilitytech/source/css/micons/fonts/icomoon.ttf","hash":"299ed66c2649fe0f0257347bae37641fa4d3afdb","modified":1450955390000},{"_id":"themes/sustainabilitytech/source/css/micons/fonts/icomoon.woff","hash":"7c5407491224009abe41421762a7e672596e3152","modified":1450955390000},{"_id":"themes/sustainabilitytech/source/css/font-awesome/fonts/FontAwesome.otf","hash":"048707bc52ac4b6563aaa383bfe8660a0ddc908c","modified":1478142484000},{"_id":"themes/sustainabilitytech/source/css/font-awesome/fonts/fontawesome-webfont.eot","hash":"d980c2ce873dc43af460d4d572d441304499f400","modified":1478142484000},{"_id":"themes/sustainabilitytech/source/css/font-awesome/fonts/fontawesome-webfont.ttf","hash":"13b1eab65a983c7a73bc7997c479d66943f7c6cb","modified":1478142484000},{"_id":"themes/sustainabilitytech/source/images/bali.jpg","hash":"e8ab2527a8e87444889699cae0280607d708489a","modified":1498734839930},{"_id":"themes/sustainabilitytech/source/images/forest.jpg","hash":"052ea2973336188022974b95f2386b852f187410","modified":1498720821388},{"_id":"themes/sustainabilitytech/source/images/tropical-rainforest-jungle.jpg","hash":"74bec5082e187f53f9fe2f93c1d8c24c7973a67f","modified":1498792287294},{"_id":"themes/sustainabilitytech/source/css/micons/fonts/icomoon.svg","hash":"716d9a74a46d035efccbe182353e1c80b6146fbc","modified":1450955392000},{"_id":"themes/sustainabilitytech/source/images/tropical-rainforest-jungle-1.jpg","hash":"d1e1b60c392585d3d2c4363ee17bbb30ef709e8c","modified":1498792632708},{"_id":"themes/sustainabilitytech/source/css/font-awesome/fonts/fontawesome-webfont.svg","hash":"98a8aa5cf7d62c2eff5f07ede8d844b874ef06ed","modified":1478142484000},{"_id":"themes/sustainabilitytech/source/images/royniels.jpg","hash":"d86668179e2739c8ca7f547eadc8f4c343dc53ac","modified":1498892705053},{"_id":"themes/sustainabilitytech/source/images/contact-bg.jpg","hash":"5169af6e94a914bf2e8502cac8728df439399f93","modified":1481769490000},{"_id":"themes/sustainabilitytech/source/images/home-bg.jpg","hash":"b0dba4f1d094bee0e91fd774cc9154d34d914611","modified":1498713027768},{"_id":"public/page-sitemap.xml","hash":"bbc5131036592dab9cfba0c4187535b948c8fabe","modified":1500821573194},{"_id":"public/sitemap.xsl","hash":"4321fa69dc1b8811d32b7a1478e5603e038cea1a","modified":1500821573201},{"_id":"public/sitemap.xml","hash":"55dea4b2f052431e78399c27f3304b38a741b624","modified":1500821573202},{"_id":"public/robots.txt","hash":"6740eee6a4620fea708c8e7c9d9be010af31238a","modified":1500821573265},{"_id":"public/index.html","hash":"02ad3a6bf9ed119a8e0bac5a89c94612b33cdc68","modified":1500821573265},{"_id":"public/contact/index.html","hash":"40f06e39d51ada4dca212fa4e747f353fe5ecab4","modified":1500821573266},{"_id":"public/solutions/index.html","hash":"76ddd75aee298ba753ff6cd8928932e6c46c1e2d","modified":1500821573266},{"_id":"public/team/index.html","hash":"762240f5be580b2498aab8f0dce7e7e4faa479f0","modified":1500821573267},{"_id":"public/work/index.html","hash":"17d47108080e4f6196ebe48c3147a34e062c7fc0","modified":1500821573267},{"_id":"public/about/index.html","hash":"f1b1c24743d84c1ab1bf4c5778fa9af293f5b57e","modified":1500821573268},{"_id":"public/images/android-icon-144x144.png","hash":"10a55c7dba6d797a675e362efc0c6b670e611114","modified":1500821573306},{"_id":"public/images/android-icon-48x48.png","hash":"bd6b95309a2167557530be8e7b5bf17cc1c44cd9","modified":1500821573306},{"_id":"public/images/android-icon-36x36.png","hash":"725230edc5412dfe22c378e1bcd7e17ef149aede","modified":1500821573306},{"_id":"public/images/android-icon-72x72.png","hash":"b95436e58ba561a7e2eac6831e47c92d46d36918","modified":1500821573306},{"_id":"public/images/android-icon-192x192.png","hash":"dd18c4a373ed87dfbb9c9aec43718aeab2fb3a41","modified":1500821573306},{"_id":"public/images/android-icon-96x96.png","hash":"3d281e60361548d11eb244fe41102843c0621b46","modified":1500821573306},{"_id":"public/images/apple-icon-120x120.png","hash":"851138221b76facc9b3318b13996e2a229ecf8e0","modified":1500821573306},{"_id":"public/images/apple-icon-144x144.png","hash":"10a55c7dba6d797a675e362efc0c6b670e611114","modified":1500821573306},{"_id":"public/images/apple-icon-114x114.png","hash":"575f311d4506798111aa35433392f39d3335b20e","modified":1500821573306},{"_id":"public/images/apple-icon-180x180.png","hash":"3397ad18cc67b20582892e3ef2145e6dfd55e7fb","modified":1500821573307},{"_id":"public/images/apple-icon-57x57.png","hash":"138d262b6903e02e5f5daa25a6c5953cc73977b9","modified":1500821573307},{"_id":"public/images/apple-icon-152x152.png","hash":"843fba7b9fdd5daf6395efefc274a1dd00d8bf5a","modified":1500821573307},{"_id":"public/images/apple-icon-60x60.png","hash":"b2dcdffb03040f25acc1fd504ac9994a5252de0a","modified":1500821573307},{"_id":"public/images/apple-icon-72x72.png","hash":"b95436e58ba561a7e2eac6831e47c92d46d36918","modified":1500821573307},{"_id":"public/images/apple-icon-76x76.png","hash":"e6d813a2ce32eb527e0d7d5a94cd9139c030a0de","modified":1500821573307},{"_id":"public/images/apple-icon.png","hash":"6e7b16e93107ca89bfba618b3d4544c73b78c7b7","modified":1500821573307},{"_id":"public/images/apple-icon-precomposed.png","hash":"6e7b16e93107ca89bfba618b3d4544c73b78c7b7","modified":1500821573307},{"_id":"public/images/favicon-16x16.png","hash":"457a872644e76c0cc4f5c53f3255a7fbc80e5e18","modified":1500821573307},{"_id":"public/images/default_author_avatar.gif","hash":"db40f9ee402061ae367f2f1c8d13239a46308f24","modified":1500821573307},{"_id":"public/images/favicon-96x96.png","hash":"3d281e60361548d11eb244fe41102843c0621b46","modified":1500821573307},{"_id":"public/images/favicon-32x32.png","hash":"edc15fd38e68972b0d9f87a8b85734417de0e4f3","modified":1500821573307},{"_id":"public/images/ms-icon-70x70.png","hash":"52461bbd0c9a55809987b63dbf57a5c83724a60e","modified":1500821573307},{"_id":"public/images/logo.png","hash":"966d173cc3f20a545705de213d07720efeef74ed","modified":1500821573307},{"_id":"public/images/ms-icon-150x150.png","hash":"7cfeec9b2cb3955e55128b74df8b659b11b5c292","modified":1500821573307},{"_id":"public/images/rspo-0.png","hash":"e6b4d07ca5f432ffffce0ee7b9c254de381a689a","modified":1500821573307},{"_id":"public/images/ms-icon-144x144.png","hash":"10a55c7dba6d797a675e362efc0c6b670e611114","modified":1500821573307},{"_id":"public/images/ms-icon-310x310.png","hash":"0e6069b0c2e85d62818fe37c4d8f3fc1d1e1926e","modified":1500821573308},{"_id":"public/fonts/librebaskerville/librebaskerville-bold-webfont.woff","hash":"a2181c131ada1e2f0cfa1ab130baacbb2ed4474f","modified":1500821573308},{"_id":"public/fonts/librebaskerville/librebaskerville-bold-webfont.woff2","hash":"f8c84a0d409fd92882a0742fd9dedd7812803185","modified":1500821573308},{"_id":"public/fonts/librebaskerville/librebaskerville-italic-webfont.woff2","hash":"08f4939889973fab7f862d25280e33760ad309ab","modified":1500821573308},{"_id":"public/fonts/librebaskerville/librebaskerville-italic-webfont.woff","hash":"8f50121d0f9ff82597f69d4f1fc183d59aed9496","modified":1500821573308},{"_id":"public/fonts/librebaskerville/librebaskerville-regular-webfont.woff2","hash":"48831d1524a7928f795ea634b7bc645d6be2c177","modified":1500821573308},{"_id":"public/fonts/lightgallery/lg.eot","hash":"1de7915c756c9fd81855126418e1fb9b1e33570a","modified":1500821573308},{"_id":"public/fonts/lightgallery/lg.svg","hash":"e0d68f9425bcadef36af72c18e2cba85ba70239a","modified":1500821573308},{"_id":"public/fonts/lightgallery/lg.ttf","hash":"86f8c7232ace89e42e887e707310b733cdf99dc0","modified":1500821573308},{"_id":"public/fonts/librebaskerville/librebaskerville-regular-webfont.woff","hash":"02d0af7cf82da0ae5aaf6ddfdd046b9a7189aa6c","modified":1500821573309},{"_id":"public/fonts/lightgallery/lg.woff","hash":"a32cc4557cedb381169215d3588fc40a5923d61b","modified":1500821573309},{"_id":"public/fonts/montserrat/montserrat-bold-webfont.woff2","hash":"7db2ce4b8343ea876ef64aae3ce836f6f9b6674b","modified":1500821573309},{"_id":"public/fonts/montserrat/montserrat-bold-webfont.woff","hash":"aab3f0e194bf66c8c158ad1208f35a690c786c1e","modified":1500821573309},{"_id":"public/fonts/montserrat/montserrat-regular-webfont.woff2","hash":"7a274382d43335d50f637f7e5e13a94d1536611e","modified":1500821573309},{"_id":"public/fonts/montserrat/montserrat-regular-webfont.woff","hash":"70804f9b0a24bc6fb8e18f010054dbec7baba9f3","modified":1500821573310},{"_id":"public/images/rspo-1.png","hash":"8f97a06a84f06fbea61763dc7fa5e3c11fcb6000","modified":1500821573337},{"_id":"public/css/font-awesome/fonts/fontawesome-webfont.woff","hash":"28b782240b3e76db824e12c02754a9731a167527","modified":1500821573341},{"_id":"public/css/micons/fonts/icomoon.eot","hash":"aabaa3b903d211582962bd635602656bb1b31691","modified":1500821573342},{"_id":"public/css/font-awesome/fonts/fontawesome-webfont.woff2","hash":"d6f48cba7d076fb6f2fd6ba993a75b9dc1ecbf0c","modified":1500821573342},{"_id":"public/css/micons/fonts/icomoon.ttf","hash":"299ed66c2649fe0f0257347bae37641fa4d3afdb","modified":1500821573342},{"_id":"public/css/micons/fonts/icomoon.woff","hash":"7c5407491224009abe41421762a7e672596e3152","modified":1500821573342},{"_id":"public/manifest.json","hash":"aebdc9d6447e8b045dccf52f3b6b4000442d927f","modified":1500821573347},{"_id":"public/css/fonts.css","hash":"258b01b381626502f454f4e3500af88dff64bf9d","modified":1500821573347},{"_id":"public/css/base.css","hash":"c715f4d02f8f3f3857fbc8cdd9f7cde065c3f5a8","modified":1500821573347},{"_id":"public/js/main.js","hash":"54a0be70fc46d4b92af0af16dd7330761d17917c","modified":1500821573347},{"_id":"public/js/pace.min.js","hash":"1d6f79b5757de7cc40dcfded7cfdb067a90810d3","modified":1500821573347},{"_id":"public/js/modernizr.js","hash":"a3d81ff7a2a28acef6b7e78ed62a809e5f586371","modified":1500821573347},{"_id":"public/css/micons/micons.css","hash":"52ab086c23ec5c13e80991af543c4cc3f61ce4b6","modified":1500821573347},{"_id":"public/css/vendor.css","hash":"c72e46c68a83c614cb2304cb1972a54c254d09b1","modified":1500821573347},{"_id":"public/css/main.css","hash":"534fcdc0b87e144840f8ab3399c5057c7900ace5","modified":1500821573347},{"_id":"public/js/jquery-2.1.3.min.js","hash":"41b4bfbaa96be6d1440db6e78004ade1c134e276","modified":1500821573347},{"_id":"public/js/plugins.js","hash":"9fc8cb3ea8b83ba1871b3db4addf206aae0269e3","modified":1500821573347},{"_id":"public/css/font-awesome/css/font-awesome.min.css","hash":"512c7d79033e3028a9be61b540cf1a6870c896f8","modified":1500821573347},{"_id":"public/css/font-awesome/css/font-awesome.css","hash":"0140952c64e3f2b74ef64e050f2fe86eab6624c8","modified":1500821573347},{"_id":"public/images/download.jpg","hash":"82e8b75be972b6b1c19e9bac2460517ac54e9957","modified":1500821573347},{"_id":"public/images/joshvanvianen.jpg","hash":"1ea31cd7e4090bf8ac337d986f25959956f74120","modified":1500821573347},{"_id":"public/images/sebastianpersch.jpg","hash":"156a4e9c93c1e65697139c22b8c270229e76fb2b","modified":1500821573347},{"_id":"public/css/font-awesome/fonts/FontAwesome.otf","hash":"048707bc52ac4b6563aaa383bfe8660a0ddc908c","modified":1500821573347},{"_id":"public/css/font-awesome/fonts/fontawesome-webfont.eot","hash":"d980c2ce873dc43af460d4d572d441304499f400","modified":1500821573348},{"_id":"public/css/font-awesome/fonts/fontawesome-webfont.ttf","hash":"13b1eab65a983c7a73bc7997c479d66943f7c6cb","modified":1500821573348},{"_id":"public/images/palm-1464662_1920.jpg","hash":"e33331c2a73cb0d4517cbc65aabbb1181fcb0b0c","modified":1500821573351},{"_id":"public/images/oilpalm.jpg","hash":"a256fa802bbef491d0a6ad509c61d3a6a3728344","modified":1500821573363},{"_id":"public/css/micons/fonts/icomoon.svg","hash":"716d9a74a46d035efccbe182353e1c80b6146fbc","modified":1500821573363},{"_id":"public/css/font-awesome/fonts/fontawesome-webfont.svg","hash":"98a8aa5cf7d62c2eff5f07ede8d844b874ef06ed","modified":1500821573393},{"_id":"public/images/bali.jpg","hash":"e8ab2527a8e87444889699cae0280607d708489a","modified":1500821573396},{"_id":"public/images/forest.jpg","hash":"052ea2973336188022974b95f2386b852f187410","modified":1500821573396},{"_id":"public/images/tropical-rainforest-jungle.jpg","hash":"74bec5082e187f53f9fe2f93c1d8c24c7973a67f","modified":1500821573396},{"_id":"public/images/tropical-rainforest-jungle-1.jpg","hash":"d1e1b60c392585d3d2c4363ee17bbb30ef709e8c","modified":1500821573398},{"_id":"public/images/royniels.jpg","hash":"d86668179e2739c8ca7f547eadc8f4c343dc53ac","modified":1500821573402},{"_id":"public/images/contact-bg.jpg","hash":"5169af6e94a914bf2e8502cac8728df439399f93","modified":1500821573404},{"_id":"public/images/home-bg.jpg","hash":"b0dba4f1d094bee0e91fd774cc9154d34d914611","modified":1500821573412}],"Category":[],"Data":[],"Page":[{"title":"Home","date":"2017-06-29T03:11:25.000Z","layout":"index","excerpt":"We build innovative technical solutions for companies that care about sustainability. We build internet of things (IoT) solutions that help organizations to optimize their work-flow. We focus on the field of sustainability. In-house build sensors are deployed in the field and connected to the cloud to give you a real-time view of all the parameters you want to measure, even in hard to reach locations with the use of cutting edge technology.","_content":"","source":"index.md","raw":"---\ntitle: Home\ndate: 2017-06-29 11:11:25\nlayout: index\nexcerpt: We build innovative technical solutions for companies that care about sustainability. We build internet of things (IoT) solutions that help organizations to optimize their work-flow. We focus on the field of sustainability. In-house build sensors are deployed in the field and connected to the cloud to give you a real-time view of all the parameters you want to measure, even in hard to reach locations with the use of cutting edge technology.\n---\n","updated":"2017-07-23T05:15:28.200Z","path":"index.html","comments":1,"_id":"cj5guex5v0000ebvbyniwcadq","content":"","site":{"data":{}},"more":""},{"title":"Contact","date":"2017-06-29T03:04:35.000Z","layout":"contact","excerpt":"If you would like to have your own customised app created, or just want to chat about how technology can make the world a more sustainable place, just drop us a line!","_content":"\nIf you would like to have your own customised app created, or just want to chat about how technology can make the world a more sustainable place, just drop us a line!\n","source":"contact/index.md","raw":"---\ntitle: Contact\ndate: 2017-06-29 11:04:35\nlayout: contact\nexcerpt: If you would like to have your own customised app created, or just want to chat about how technology can make the world a more sustainable place, just drop us a line!\n---\n\nIf you would like to have your own customised app created, or just want to chat about how technology can make the world a more sustainable place, just drop us a line!\n","updated":"2017-07-23T05:07:33.365Z","path":"contact/index.html","comments":1,"_id":"cj5guex6q0001ebvbryh5o9qy","content":"<p>If you would like to have your own customised app created, or just want to chat about how technology can make the world a more sustainable place, just drop us a line!</p>\n","site":{"data":{}},"more":"<p>If you would like to have your own customised app created, or just want to chat about how technology can make the world a more sustainable place, just drop us a line!</p>\n"},{"title":"Solutions","excerpt":"We provide Innovative Integrated web based applications to deliver data-driven sustainable solutions to socio-environmental problems. Our apps are project and process specific tools for integrating real time analysis with the concepts of adaptive management and streamlined work flows. Built into every app we develop are our core principles of functional simplicity, accessibility, customisabiltiy and scaleability","date":"2017-06-29T03:01:49.000Z","layout":"solutions","_content":"\n# In depth\n\nWe provide Innovative Integrated web based applications to deliver data-driven sustainable solutions to socio-environmental problems. Our apps are project and process specific tools for integrating <img src=\"/images/palm-1464662_1920.jpg\" class=\"offset-right\"> real time analysis with the concepts of adaptive management and streamlined work flows. Built into every app we develop are our core principles of: functional simplicity, accessibility, customisabiltiy and scaleability\n\nWhat ever the design of your project or program, Sustainability Tech work across all stages and components of project management, from implementation through to reporting, providing technological tools for developing adaptive management strategies and accurate MRV.\n\nAt the front end, through a easy to use multi-language user interface, our apps provide mobile platforms for data collection using custom designed survey forms. This eliminates the need for conventional, costly and error prone pen and paper paper data collection. Our apps further reduce the possibility of incurring data errors by avoiding manual data entry processes.\n\nData collected in the field is uploaded from the mobile app to cloud servers, either instantaneously, or when next connected to a network.\nOnce the data is collected and uploaded to the cloud the remaining processes are automated. In the back end of our apps are powerful analytical tools which feed into web applications. Outliers from field collected data are <img src=\"/images/download.jpg\" class=\"offset-left\">\nautomatically flagged and alerts are sent to project managers who can feed investigate and make appropriate management decisions on how best to validate potentially erroneous data where required. Customised analyses are conducted and utelised in automated report, map, figure and management plan generation.\n\nProject progressed is tracked as reports are automatically fed back into managers through email alerts.  This information is then used to guide action on the ground throughprinciples of adaptive management that can be applied to achieve the most efficient and meaningful project outcomes or to best meet monitoring and evaluation requirements, whether it be for sustainable certifcation, project donor reporting or producing accurateinvestment portfolios.\n\n## Certified Sustainable\n\n- Tailored towards incorporating smallholder farmers into sustainable commodity production certification schemes\n- Predominately qualitative survey based Multi language implementation and one button switch between languages\n- Automated management plan and progress report generation\n- Engenders increased uptake of sustainable practices by lowering the bar of entry for certification schemes\n\n## Project management for researchers and practitioners\n\n- Built for qualitative an quantitative field researchers.\n- Saves time and money through efficiency in both survey design and analysis\n- Avoids errors in data collection and eliminates the need for time consuming data entry\n- Monitors project progress and can be developed to help identify emerging patterns of interest as the data is collected\n- Facilitates more targeted exploration of research questions and automated exploratory data analysis\n","source":"solutions/index.md","raw":"---\ntitle: Solutions\nexcerpt: We provide Innovative Integrated web based applications to deliver data-driven sustainable solutions to socio-environmental problems. Our apps are project and process specific tools for integrating real time analysis with the concepts of adaptive management and streamlined work flows. Built into every app we develop are our core principles of functional simplicity, accessibility, customisabiltiy and scaleability\ndate: 2017-06-29 11:01:49\nlayout: solutions\n---\n\n# In depth\n\nWe provide Innovative Integrated web based applications to deliver data-driven sustainable solutions to socio-environmental problems. Our apps are project and process specific tools for integrating <img src=\"/images/palm-1464662_1920.jpg\" class=\"offset-right\"> real time analysis with the concepts of adaptive management and streamlined work flows. Built into every app we develop are our core principles of: functional simplicity, accessibility, customisabiltiy and scaleability\n\nWhat ever the design of your project or program, Sustainability Tech work across all stages and components of project management, from implementation through to reporting, providing technological tools for developing adaptive management strategies and accurate MRV.\n\nAt the front end, through a easy to use multi-language user interface, our apps provide mobile platforms for data collection using custom designed survey forms. This eliminates the need for conventional, costly and error prone pen and paper paper data collection. Our apps further reduce the possibility of incurring data errors by avoiding manual data entry processes.\n\nData collected in the field is uploaded from the mobile app to cloud servers, either instantaneously, or when next connected to a network.\nOnce the data is collected and uploaded to the cloud the remaining processes are automated. In the back end of our apps are powerful analytical tools which feed into web applications. Outliers from field collected data are <img src=\"/images/download.jpg\" class=\"offset-left\">\nautomatically flagged and alerts are sent to project managers who can feed investigate and make appropriate management decisions on how best to validate potentially erroneous data where required. Customised analyses are conducted and utelised in automated report, map, figure and management plan generation.\n\nProject progressed is tracked as reports are automatically fed back into managers through email alerts.  This information is then used to guide action on the ground throughprinciples of adaptive management that can be applied to achieve the most efficient and meaningful project outcomes or to best meet monitoring and evaluation requirements, whether it be for sustainable certifcation, project donor reporting or producing accurateinvestment portfolios.\n\n## Certified Sustainable\n\n- Tailored towards incorporating smallholder farmers into sustainable commodity production certification schemes\n- Predominately qualitative survey based Multi language implementation and one button switch between languages\n- Automated management plan and progress report generation\n- Engenders increased uptake of sustainable practices by lowering the bar of entry for certification schemes\n\n## Project management for researchers and practitioners\n\n- Built for qualitative an quantitative field researchers.\n- Saves time and money through efficiency in both survey design and analysis\n- Avoids errors in data collection and eliminates the need for time consuming data entry\n- Monitors project progress and can be developed to help identify emerging patterns of interest as the data is collected\n- Facilitates more targeted exploration of research questions and automated exploratory data analysis\n","updated":"2017-07-23T05:02:15.943Z","path":"solutions/index.html","comments":1,"_id":"cj5guex6r0002ebvbdvnc6d5p","content":"<h1 id=\"In-depth\"><a href=\"#In-depth\" class=\"headerlink\" title=\"In depth\"></a>In depth</h1><p>We provide Innovative Integrated web based applications to deliver data-driven sustainable solutions to socio-environmental problems. Our apps are project and process specific tools for integrating <img src=\"/images/palm-1464662_1920.jpg\" class=\"offset-right\"> real time analysis with the concepts of adaptive management and streamlined work flows. Built into every app we develop are our core principles of: functional simplicity, accessibility, customisabiltiy and scaleability</p>\n<p>What ever the design of your project or program, Sustainability Tech work across all stages and components of project management, from implementation through to reporting, providing technological tools for developing adaptive management strategies and accurate MRV.</p>\n<p>At the front end, through a easy to use multi-language user interface, our apps provide mobile platforms for data collection using custom designed survey forms. This eliminates the need for conventional, costly and error prone pen and paper paper data collection. Our apps further reduce the possibility of incurring data errors by avoiding manual data entry processes.</p>\n<p>Data collected in the field is uploaded from the mobile app to cloud servers, either instantaneously, or when next connected to a network.<br>Once the data is collected and uploaded to the cloud the remaining processes are automated. In the back end of our apps are powerful analytical tools which feed into web applications. Outliers from field collected data are <img src=\"/images/download.jpg\" class=\"offset-left\"><br>automatically flagged and alerts are sent to project managers who can feed investigate and make appropriate management decisions on how best to validate potentially erroneous data where required. Customised analyses are conducted and utelised in automated report, map, figure and management plan generation.</p>\n<p>Project progressed is tracked as reports are automatically fed back into managers through email alerts.  This information is then used to guide action on the ground throughprinciples of adaptive management that can be applied to achieve the most efficient and meaningful project outcomes or to best meet monitoring and evaluation requirements, whether it be for sustainable certifcation, project donor reporting or producing accurateinvestment portfolios.</p>\n<h2 id=\"Certified-Sustainable\"><a href=\"#Certified-Sustainable\" class=\"headerlink\" title=\"Certified Sustainable\"></a>Certified Sustainable</h2><ul>\n<li>Tailored towards incorporating smallholder farmers into sustainable commodity production certification schemes</li>\n<li>Predominately qualitative survey based Multi language implementation and one button switch between languages</li>\n<li>Automated management plan and progress report generation</li>\n<li>Engenders increased uptake of sustainable practices by lowering the bar of entry for certification schemes</li>\n</ul>\n<h2 id=\"Project-management-for-researchers-and-practitioners\"><a href=\"#Project-management-for-researchers-and-practitioners\" class=\"headerlink\" title=\"Project management for researchers and practitioners\"></a>Project management for researchers and practitioners</h2><ul>\n<li>Built for qualitative an quantitative field researchers.</li>\n<li>Saves time and money through efficiency in both survey design and analysis</li>\n<li>Avoids errors in data collection and eliminates the need for time consuming data entry</li>\n<li>Monitors project progress and can be developed to help identify emerging patterns of interest as the data is collected</li>\n<li>Facilitates more targeted exploration of research questions and automated exploratory data analysis</li>\n</ul>\n","site":{"data":{}},"more":"<h1 id=\"In-depth\"><a href=\"#In-depth\" class=\"headerlink\" title=\"In depth\"></a>In depth</h1><p>We provide Innovative Integrated web based applications to deliver data-driven sustainable solutions to socio-environmental problems. Our apps are project and process specific tools for integrating <img src=\"/images/palm-1464662_1920.jpg\" class=\"offset-right\"> real time analysis with the concepts of adaptive management and streamlined work flows. Built into every app we develop are our core principles of: functional simplicity, accessibility, customisabiltiy and scaleability</p>\n<p>What ever the design of your project or program, Sustainability Tech work across all stages and components of project management, from implementation through to reporting, providing technological tools for developing adaptive management strategies and accurate MRV.</p>\n<p>At the front end, through a easy to use multi-language user interface, our apps provide mobile platforms for data collection using custom designed survey forms. This eliminates the need for conventional, costly and error prone pen and paper paper data collection. Our apps further reduce the possibility of incurring data errors by avoiding manual data entry processes.</p>\n<p>Data collected in the field is uploaded from the mobile app to cloud servers, either instantaneously, or when next connected to a network.<br>Once the data is collected and uploaded to the cloud the remaining processes are automated. In the back end of our apps are powerful analytical tools which feed into web applications. Outliers from field collected data are <img src=\"/images/download.jpg\" class=\"offset-left\"><br>automatically flagged and alerts are sent to project managers who can feed investigate and make appropriate management decisions on how best to validate potentially erroneous data where required. Customised analyses are conducted and utelised in automated report, map, figure and management plan generation.</p>\n<p>Project progressed is tracked as reports are automatically fed back into managers through email alerts.  This information is then used to guide action on the ground throughprinciples of adaptive management that can be applied to achieve the most efficient and meaningful project outcomes or to best meet monitoring and evaluation requirements, whether it be for sustainable certifcation, project donor reporting or producing accurateinvestment portfolios.</p>\n<h2 id=\"Certified-Sustainable\"><a href=\"#Certified-Sustainable\" class=\"headerlink\" title=\"Certified Sustainable\"></a>Certified Sustainable</h2><ul>\n<li>Tailored towards incorporating smallholder farmers into sustainable commodity production certification schemes</li>\n<li>Predominately qualitative survey based Multi language implementation and one button switch between languages</li>\n<li>Automated management plan and progress report generation</li>\n<li>Engenders increased uptake of sustainable practices by lowering the bar of entry for certification schemes</li>\n</ul>\n<h2 id=\"Project-management-for-researchers-and-practitioners\"><a href=\"#Project-management-for-researchers-and-practitioners\" class=\"headerlink\" title=\"Project management for researchers and practitioners\"></a>Project management for researchers and practitioners</h2><ul>\n<li>Built for qualitative an quantitative field researchers.</li>\n<li>Saves time and money through efficiency in both survey design and analysis</li>\n<li>Avoids errors in data collection and eliminates the need for time consuming data entry</li>\n<li>Monitors project progress and can be developed to help identify emerging patterns of interest as the data is collected</li>\n<li>Facilitates more targeted exploration of research questions and automated exploratory data analysis</li>\n</ul>\n"},{"title":"team","date":"2017-06-29T03:03:49.000Z","layout":"team","excerpt":"Meet the team, Sebastian Persch (germany), Josh van Vianen (New Zealand) and Roy Niels (The Netherlands). The core team that brings technical solutions to the field of sustainability.","_content":"","source":"team/index.md","raw":"---\ntitle: team\ndate: 2017-06-29 11:03:49\nlayout: team\nexcerpt: Meet the team, Sebastian Persch (germany), Josh van Vianen (New Zealand) and Roy Niels (The Netherlands). The core team that brings technical solutions to the field of sustainability.\n---\n","updated":"2017-07-23T05:15:55.328Z","path":"team/index.html","comments":1,"_id":"cj5guex6t0003ebvbdmvrwcbc","content":"","site":{"data":{}},"more":""},{"title":"Work","date":"2017-06-29T03:11:25.000Z","layout":"work","excerpt":"Our inhouse R&D department builds its own hardware modules for monitoring and measuring parameters in the field. Our solutions can be accessed remotely without the intervention of a field worker. Data can be send periodically to the cloud where we analyse the information in our custom build monitoring systems. IoT solutions can greatly improve the quantity and quality of your data aggregation at very low costs.","_content":"","source":"work/index.md","raw":"---\ntitle: Work\ndate: 2017-06-29 11:11:25\nlayout: work\nexcerpt: Our inhouse R&D department builds its own hardware modules for monitoring and measuring parameters in the field. Our solutions can be accessed remotely without the intervention of a field worker. Data can be send periodically to the cloud where we analyse the information in our custom build monitoring systems. IoT solutions can greatly improve the quantity and quality of your data aggregation at very low costs.\n---\n","updated":"2017-07-23T05:10:28.366Z","path":"work/index.html","comments":1,"_id":"cj5guex6t0004ebvb51b9mufm","content":"","site":{"data":{}},"more":""},{"title":"about","date":"2017-06-29T02:59:35.000Z","layout":"about","excerpt":"We here at Sustainability Tech aim to build systems that enable greater transparency, efficiency and access to sustainability. By drawing on a diverse background of research, experience and technical skills, in the fields of data analysis, biodiversity conservation and sustainable development we aim to bring technical innovations the forefront of sustainability practices. From farmers to governments, across sectors and landscapes, Sustainability Tech—through 1’s and 0’s—hopes to contribute to a greener more sustainable planet for the benefit of all.","_content":"\n# History\n\n<p class=\"drop-cap\">In 2015 the Peoples Republic of Laos were about to embark on the monumental task of conducting their second national forest inventory (NFI). In an attempt to expedite the process, Co-founder of Sustainability Tech—Sebastian Persch—joined the Forest Carbon team and was tasked with developing scripts for the inventory data analyses, which would cut costs and save time.</p>\n\nHaving data collected in the field using tablets and uploading directly to a database presented a novel opportunity that Sebastian realized could further improve efficiency. Why not have real time analysis that feeds straight back to the project managers. With this in mind Sebastian developed the perfect monitoring tool keep track of what is going on in the field. The ability to detect measurement errors and outliers on the fly proved to be a real asset to the project managers who could then alert field teams and send them back to take new measurements whilst they are still in the area. Coupled with the applications functions—automatic generation of up to date maps, graphs and relevant project information—the app quickly became an indispensable tool for both project managers and people on the ground.\n\nThe first iteration of what would become a Sustainability Tech was born…\n\nA few months later Sebastian's wife Meri was working on the development of the Social Environmental Impact Assessment (SEIA) for smallholder oil palm farmers. Industrial palm oil production is one of the foremost environmental issues in many parts of the tropics the effects of which are being felt globally. Sustainable production and RSPO certification can be a daunting and complicated process especially for smallholder farmers, wishing to access markets for sustainable products. This presented another unique opportunity to ‘appify’ a complex and time-consuming processes, aiming to make certification processes for smallholders less cumbersome, more appealing and ultimately contribute to increasing the number of people involved in sustainable practices.  \n\nUnlike the data heavy application required for Laos forest inventory, the assessment needed to be as functionally simple as possible—given it was intended to be used with smallholder farmers—without compromising on the detail and complexity required to meet the requirements for certification.  \n\nAfter an unfruitful search for appropriate pre-existing tools, Sebastian was asked what he thought and instantly jumped on the opportunity—\"I should be able to do that”.  The SEIA-tool consisted of a digital survey and a browser-based app. The survey guides the smallholders through the questionnaire, which has built in multi-language features to facilitate usability across oil palm growing countries. The app then automatically generates reports, management plans and provides a detailed list of where more evidence is required in order met sustainability standards.   \n\nJosh—Co-founder, long-time friend and former colleague of Sebastian’s— at the time was heavily involved in researching sustainable landscapes and integrated landscape approaches. He, like Sebastian saw a huge potential for these types of technological innovations and realized instantly that they had much broader applicability.  \n\nAll stakeholders within a landscape, whether they be; certification bodies, concession owners, NGOs, or research institutes, agree that the only way to achieve sustainable development is to focus at the landscape scale. While theoretically these landscape concepts are well developed, yet there remains a lack of practical, data driven, user friendly tools available to achieve sustainable landscapes.\n\nThe impact of the internet has always been a major fascination for Roy, not only from the users point of view, but mainly from a technical perspective. Growing up with an enthusiastic 'nerd' father the chances that Roy at some point would pick up programming were inevitable. Working for many well established clients over the years the lingering feeling of using his skills for more sustainable purposes grew.\n\nMeeting Josh & Sebastian and seeing the potential of both their expertise in the field of sustainability and his skills for everything technical it became apparent that there was only one logical outcome, start Sustainability Tech.\n\n<hr>\n\n<p class=\"lead\">We here at Sustainability Tech aim to build systems that enable greater transparency, efficiency and access to sustainability. By drawing on a diverse background of research, experience and technical skills, in the fields of data analysis, biodiversity conservation and sustainable development we aim to bring technical innovations the forefront of sustainability practices. From farmers to governments, across sectors and landscapes, Sustainability Tech—through 1’s and 0’s—hopes to contribute to a greener more sustainable planet for the benefit of all.</p><hr><br>\n## Mission\n\nTo provide technological data-driven solutions to issues of sustainability across multiple scales.\n\n## Vision\n\nBy facilitating, systematising and simplifying landscape level processes through innovative and accessible technologies we aim to accelerate sustainable development across multiple sectors, stakeholders and ecosystems.     \n\n## Values\n\n#### _Efficiency_\nSimplifying complex processes to help create sustainable landscapes though technology driven solutions.  \n\n#### _Equitability_\nMultifaceted landscapes need innovative tools that enable all stakeholders, from individual smallholders to big corporations and research organisations, to participate in sustainable landscapes.  \n\n#### _Connectivity_\nSystematising processes involved in enhancing sustainability to create a broader landscape certification.\n","source":"about/index.md","raw":"---\ntitle: about\ndate: 2017-06-29 10:59:35\nlayout: about\nexcerpt: We here at Sustainability Tech aim to build systems that enable greater transparency, efficiency and access to sustainability. By drawing on a diverse background of research, experience and technical skills, in the fields of data analysis, biodiversity conservation and sustainable development we aim to bring technical innovations the forefront of sustainability practices. From farmers to governments, across sectors and landscapes, Sustainability Tech—through 1’s and 0’s—hopes to contribute to a greener more sustainable planet for the benefit of all.\n---\n\n# History\n\n<p class=\"drop-cap\">In 2015 the Peoples Republic of Laos were about to embark on the monumental task of conducting their second national forest inventory (NFI). In an attempt to expedite the process, Co-founder of Sustainability Tech—Sebastian Persch—joined the Forest Carbon team and was tasked with developing scripts for the inventory data analyses, which would cut costs and save time.</p>\n\nHaving data collected in the field using tablets and uploading directly to a database presented a novel opportunity that Sebastian realized could further improve efficiency. Why not have real time analysis that feeds straight back to the project managers. With this in mind Sebastian developed the perfect monitoring tool keep track of what is going on in the field. The ability to detect measurement errors and outliers on the fly proved to be a real asset to the project managers who could then alert field teams and send them back to take new measurements whilst they are still in the area. Coupled with the applications functions—automatic generation of up to date maps, graphs and relevant project information—the app quickly became an indispensable tool for both project managers and people on the ground.\n\nThe first iteration of what would become a Sustainability Tech was born…\n\nA few months later Sebastian's wife Meri was working on the development of the Social Environmental Impact Assessment (SEIA) for smallholder oil palm farmers. Industrial palm oil production is one of the foremost environmental issues in many parts of the tropics the effects of which are being felt globally. Sustainable production and RSPO certification can be a daunting and complicated process especially for smallholder farmers, wishing to access markets for sustainable products. This presented another unique opportunity to ‘appify’ a complex and time-consuming processes, aiming to make certification processes for smallholders less cumbersome, more appealing and ultimately contribute to increasing the number of people involved in sustainable practices.  \n\nUnlike the data heavy application required for Laos forest inventory, the assessment needed to be as functionally simple as possible—given it was intended to be used with smallholder farmers—without compromising on the detail and complexity required to meet the requirements for certification.  \n\nAfter an unfruitful search for appropriate pre-existing tools, Sebastian was asked what he thought and instantly jumped on the opportunity—\"I should be able to do that”.  The SEIA-tool consisted of a digital survey and a browser-based app. The survey guides the smallholders through the questionnaire, which has built in multi-language features to facilitate usability across oil palm growing countries. The app then automatically generates reports, management plans and provides a detailed list of where more evidence is required in order met sustainability standards.   \n\nJosh—Co-founder, long-time friend and former colleague of Sebastian’s— at the time was heavily involved in researching sustainable landscapes and integrated landscape approaches. He, like Sebastian saw a huge potential for these types of technological innovations and realized instantly that they had much broader applicability.  \n\nAll stakeholders within a landscape, whether they be; certification bodies, concession owners, NGOs, or research institutes, agree that the only way to achieve sustainable development is to focus at the landscape scale. While theoretically these landscape concepts are well developed, yet there remains a lack of practical, data driven, user friendly tools available to achieve sustainable landscapes.\n\nThe impact of the internet has always been a major fascination for Roy, not only from the users point of view, but mainly from a technical perspective. Growing up with an enthusiastic 'nerd' father the chances that Roy at some point would pick up programming were inevitable. Working for many well established clients over the years the lingering feeling of using his skills for more sustainable purposes grew.\n\nMeeting Josh & Sebastian and seeing the potential of both their expertise in the field of sustainability and his skills for everything technical it became apparent that there was only one logical outcome, start Sustainability Tech.\n\n<hr>\n\n<p class=\"lead\">We here at Sustainability Tech aim to build systems that enable greater transparency, efficiency and access to sustainability. By drawing on a diverse background of research, experience and technical skills, in the fields of data analysis, biodiversity conservation and sustainable development we aim to bring technical innovations the forefront of sustainability practices. From farmers to governments, across sectors and landscapes, Sustainability Tech—through 1’s and 0’s—hopes to contribute to a greener more sustainable planet for the benefit of all.</p><hr><br>\n## Mission\n\nTo provide technological data-driven solutions to issues of sustainability across multiple scales.\n\n## Vision\n\nBy facilitating, systematising and simplifying landscape level processes through innovative and accessible technologies we aim to accelerate sustainable development across multiple sectors, stakeholders and ecosystems.     \n\n## Values\n\n#### _Efficiency_\nSimplifying complex processes to help create sustainable landscapes though technology driven solutions.  \n\n#### _Equitability_\nMultifaceted landscapes need innovative tools that enable all stakeholders, from individual smallholders to big corporations and research organisations, to participate in sustainable landscapes.  \n\n#### _Connectivity_\nSystematising processes involved in enhancing sustainability to create a broader landscape certification.\n","updated":"2017-07-23T05:08:28.537Z","path":"about/index.html","comments":1,"_id":"cj5guex6x0005ebvbarfptr94","content":"<h1 id=\"History\"><a href=\"#History\" class=\"headerlink\" title=\"History\"></a>History</h1><p class=\"drop-cap\">In 2015 the Peoples Republic of Laos were about to embark on the monumental task of conducting their second national forest inventory (NFI). In an attempt to expedite the process, Co-founder of Sustainability Tech—Sebastian Persch—joined the Forest Carbon team and was tasked with developing scripts for the inventory data analyses, which would cut costs and save time.</p>\n\n<p>Having data collected in the field using tablets and uploading directly to a database presented a novel opportunity that Sebastian realized could further improve efficiency. Why not have real time analysis that feeds straight back to the project managers. With this in mind Sebastian developed the perfect monitoring tool keep track of what is going on in the field. The ability to detect measurement errors and outliers on the fly proved to be a real asset to the project managers who could then alert field teams and send them back to take new measurements whilst they are still in the area. Coupled with the applications functions—automatic generation of up to date maps, graphs and relevant project information—the app quickly became an indispensable tool for both project managers and people on the ground.</p>\n<p>The first iteration of what would become a Sustainability Tech was born…</p>\n<p>A few months later Sebastian’s wife Meri was working on the development of the Social Environmental Impact Assessment (SEIA) for smallholder oil palm farmers. Industrial palm oil production is one of the foremost environmental issues in many parts of the tropics the effects of which are being felt globally. Sustainable production and RSPO certification can be a daunting and complicated process especially for smallholder farmers, wishing to access markets for sustainable products. This presented another unique opportunity to ‘appify’ a complex and time-consuming processes, aiming to make certification processes for smallholders less cumbersome, more appealing and ultimately contribute to increasing the number of people involved in sustainable practices.  </p>\n<p>Unlike the data heavy application required for Laos forest inventory, the assessment needed to be as functionally simple as possible—given it was intended to be used with smallholder farmers—without compromising on the detail and complexity required to meet the requirements for certification.  </p>\n<p>After an unfruitful search for appropriate pre-existing tools, Sebastian was asked what he thought and instantly jumped on the opportunity—“I should be able to do that”.  The SEIA-tool consisted of a digital survey and a browser-based app. The survey guides the smallholders through the questionnaire, which has built in multi-language features to facilitate usability across oil palm growing countries. The app then automatically generates reports, management plans and provides a detailed list of where more evidence is required in order met sustainability standards.   </p>\n<p>Josh—Co-founder, long-time friend and former colleague of Sebastian’s— at the time was heavily involved in researching sustainable landscapes and integrated landscape approaches. He, like Sebastian saw a huge potential for these types of technological innovations and realized instantly that they had much broader applicability.  </p>\n<p>All stakeholders within a landscape, whether they be; certification bodies, concession owners, NGOs, or research institutes, agree that the only way to achieve sustainable development is to focus at the landscape scale. While theoretically these landscape concepts are well developed, yet there remains a lack of practical, data driven, user friendly tools available to achieve sustainable landscapes.</p>\n<p>The impact of the internet has always been a major fascination for Roy, not only from the users point of view, but mainly from a technical perspective. Growing up with an enthusiastic ‘nerd’ father the chances that Roy at some point would pick up programming were inevitable. Working for many well established clients over the years the lingering feeling of using his skills for more sustainable purposes grew.</p>\n<p>Meeting Josh &amp; Sebastian and seeing the potential of both their expertise in the field of sustainability and his skills for everything technical it became apparent that there was only one logical outcome, start Sustainability Tech.</p>\n<hr>\n\n<p></p><p class=\"lead\">We here at Sustainability Tech aim to build systems that enable greater transparency, efficiency and access to sustainability. By drawing on a diverse background of research, experience and technical skills, in the fields of data analysis, biodiversity conservation and sustainable development we aim to bring technical innovations the forefront of sustainability practices. From farmers to governments, across sectors and landscapes, Sustainability Tech—through 1’s and 0’s—hopes to contribute to a greener more sustainable planet for the benefit of all.</p><hr><br><p></p>\n<h2 id=\"Mission\"><a href=\"#Mission\" class=\"headerlink\" title=\"Mission\"></a>Mission</h2><p>To provide technological data-driven solutions to issues of sustainability across multiple scales.</p>\n<h2 id=\"Vision\"><a href=\"#Vision\" class=\"headerlink\" title=\"Vision\"></a>Vision</h2><p>By facilitating, systematising and simplifying landscape level processes through innovative and accessible technologies we aim to accelerate sustainable development across multiple sectors, stakeholders and ecosystems.     </p>\n<h2 id=\"Values\"><a href=\"#Values\" class=\"headerlink\" title=\"Values\"></a>Values</h2><h4 id=\"Efficiency\"><a href=\"#Efficiency\" class=\"headerlink\" title=\"Efficiency\"></a><em>Efficiency</em></h4><p>Simplifying complex processes to help create sustainable landscapes though technology driven solutions.  </p>\n<h4 id=\"Equitability\"><a href=\"#Equitability\" class=\"headerlink\" title=\"Equitability\"></a><em>Equitability</em></h4><p>Multifaceted landscapes need innovative tools that enable all stakeholders, from individual smallholders to big corporations and research organisations, to participate in sustainable landscapes.  </p>\n<h4 id=\"Connectivity\"><a href=\"#Connectivity\" class=\"headerlink\" title=\"Connectivity\"></a><em>Connectivity</em></h4><p>Systematising processes involved in enhancing sustainability to create a broader landscape certification.</p>\n","site":{"data":{}},"more":"<h1 id=\"History\"><a href=\"#History\" class=\"headerlink\" title=\"History\"></a>History</h1><p class=\"drop-cap\">In 2015 the Peoples Republic of Laos were about to embark on the monumental task of conducting their second national forest inventory (NFI). In an attempt to expedite the process, Co-founder of Sustainability Tech—Sebastian Persch—joined the Forest Carbon team and was tasked with developing scripts for the inventory data analyses, which would cut costs and save time.</p>\n\n<p>Having data collected in the field using tablets and uploading directly to a database presented a novel opportunity that Sebastian realized could further improve efficiency. Why not have real time analysis that feeds straight back to the project managers. With this in mind Sebastian developed the perfect monitoring tool keep track of what is going on in the field. The ability to detect measurement errors and outliers on the fly proved to be a real asset to the project managers who could then alert field teams and send them back to take new measurements whilst they are still in the area. Coupled with the applications functions—automatic generation of up to date maps, graphs and relevant project information—the app quickly became an indispensable tool for both project managers and people on the ground.</p>\n<p>The first iteration of what would become a Sustainability Tech was born…</p>\n<p>A few months later Sebastian’s wife Meri was working on the development of the Social Environmental Impact Assessment (SEIA) for smallholder oil palm farmers. Industrial palm oil production is one of the foremost environmental issues in many parts of the tropics the effects of which are being felt globally. Sustainable production and RSPO certification can be a daunting and complicated process especially for smallholder farmers, wishing to access markets for sustainable products. This presented another unique opportunity to ‘appify’ a complex and time-consuming processes, aiming to make certification processes for smallholders less cumbersome, more appealing and ultimately contribute to increasing the number of people involved in sustainable practices.  </p>\n<p>Unlike the data heavy application required for Laos forest inventory, the assessment needed to be as functionally simple as possible—given it was intended to be used with smallholder farmers—without compromising on the detail and complexity required to meet the requirements for certification.  </p>\n<p>After an unfruitful search for appropriate pre-existing tools, Sebastian was asked what he thought and instantly jumped on the opportunity—“I should be able to do that”.  The SEIA-tool consisted of a digital survey and a browser-based app. The survey guides the smallholders through the questionnaire, which has built in multi-language features to facilitate usability across oil palm growing countries. The app then automatically generates reports, management plans and provides a detailed list of where more evidence is required in order met sustainability standards.   </p>\n<p>Josh—Co-founder, long-time friend and former colleague of Sebastian’s— at the time was heavily involved in researching sustainable landscapes and integrated landscape approaches. He, like Sebastian saw a huge potential for these types of technological innovations and realized instantly that they had much broader applicability.  </p>\n<p>All stakeholders within a landscape, whether they be; certification bodies, concession owners, NGOs, or research institutes, agree that the only way to achieve sustainable development is to focus at the landscape scale. While theoretically these landscape concepts are well developed, yet there remains a lack of practical, data driven, user friendly tools available to achieve sustainable landscapes.</p>\n<p>The impact of the internet has always been a major fascination for Roy, not only from the users point of view, but mainly from a technical perspective. Growing up with an enthusiastic ‘nerd’ father the chances that Roy at some point would pick up programming were inevitable. Working for many well established clients over the years the lingering feeling of using his skills for more sustainable purposes grew.</p>\n<p>Meeting Josh &amp; Sebastian and seeing the potential of both their expertise in the field of sustainability and his skills for everything technical it became apparent that there was only one logical outcome, start Sustainability Tech.</p>\n<hr>\n\n<p></p><p class=\"lead\">We here at Sustainability Tech aim to build systems that enable greater transparency, efficiency and access to sustainability. By drawing on a diverse background of research, experience and technical skills, in the fields of data analysis, biodiversity conservation and sustainable development we aim to bring technical innovations the forefront of sustainability practices. From farmers to governments, across sectors and landscapes, Sustainability Tech—through 1’s and 0’s—hopes to contribute to a greener more sustainable planet for the benefit of all.</p><hr><br><p></p>\n<h2 id=\"Mission\"><a href=\"#Mission\" class=\"headerlink\" title=\"Mission\"></a>Mission</h2><p>To provide technological data-driven solutions to issues of sustainability across multiple scales.</p>\n<h2 id=\"Vision\"><a href=\"#Vision\" class=\"headerlink\" title=\"Vision\"></a>Vision</h2><p>By facilitating, systematising and simplifying landscape level processes through innovative and accessible technologies we aim to accelerate sustainable development across multiple sectors, stakeholders and ecosystems.     </p>\n<h2 id=\"Values\"><a href=\"#Values\" class=\"headerlink\" title=\"Values\"></a>Values</h2><h4 id=\"Efficiency\"><a href=\"#Efficiency\" class=\"headerlink\" title=\"Efficiency\"></a><em>Efficiency</em></h4><p>Simplifying complex processes to help create sustainable landscapes though technology driven solutions.  </p>\n<h4 id=\"Equitability\"><a href=\"#Equitability\" class=\"headerlink\" title=\"Equitability\"></a><em>Equitability</em></h4><p>Multifaceted landscapes need innovative tools that enable all stakeholders, from individual smallholders to big corporations and research organisations, to participate in sustainable landscapes.  </p>\n<h4 id=\"Connectivity\"><a href=\"#Connectivity\" class=\"headerlink\" title=\"Connectivity\"></a><em>Connectivity</em></h4><p>Systematising processes involved in enhancing sustainability to create a broader landscape certification.</p>\n"}],"Post":[],"PostAsset":[],"PostCategory":[],"PostTag":[],"Tag":[]}}